"x1.2","x2.1","x2.2","x2.7","x2.8","x2.9","x2.16","x2.17"
345,18,1,1,1,2,2,4
344,19,1,1,5,1,2,3
1000,19,1,1,5,1,1,4
30,17,2,2,4,1,1,3
30200,16,2,4,1,1,1,3
1001,19,1,1,5,1,1,5
1002,20,1,1,5,1,2,3
1003,20,1,1,5,1,2,3
343,19,2,3,1,1,5,3
346,19,1,1,4,1,5,3
484,15,1,1,1,1,4,3
485,14,1,1,1,1,4,3
486,13,1,3,1,1,5,3
487,15,1,3,1,1,4,3
104,19,2,1,5,1,1,4
105,19,1,1,5,1,2,4
106,18,1,1,5,1,2,4
108,20,2,1,2,1,1,4
111,13,2,1,1,1,5,3
87,16,1,1,1,1,2,4
88,19,1,1,1,1,2,4
89,18,2,3,1,1,2,3
90,18,1,1,2,3,2,3
91,13,1,1,1,1,1,2
283,20,2,3,5,2,1,4
284,20,2,3,4,1,7,2
285,19,2,1,1,2,1,4
349,20,2,1,5,2,2,3
348,13,2,1,1,1,5,3
350,19,1,1,5,2,2,3
35,18,1,1,4,1,2,4
36,17,1,1,1,1,2,4
37,16,1,1,1,1,2,4
38,15,2,1,1,1,1,4
39,19,1,1,5,1,2,4
40,15,2,1,5,1,1,4
155,13,1,1,1,1,2,3
305,16,1,1,4,1,1,4
117,13,2,1,1,1,1,3
1,19,1,1,5,1,1,3
341,20,1,1,4,1,2,3
301,13,1,1,4,1,1,4
361,19,1,1,5,1,2,3
223,20,2,1,5,1,2,3
224,16,1,1,1,1,6,4
371,16,1,1,5,1,2,3
369,20,1,1,5,1,2,3
183,18,1,1,5,1,2,2
166,19,1,1,4,1,1,4
96,17,1,1,1,1,6,3
31,15,1,1,1,1,1,3
101,15,1,1,1,1,NA,4
291,15,1,4,1,1,1,3
149,19,2,1,5,2,2,4
261,19,1,1,2,1,1,3
289,13,1,1,1,2,2,3
290,16,1,1,1,1,2,3
287,19,1,1,1,1,1,3
288,15,1,1,1,2,2,3
266,20,1,1,5,1,2,3
225,19,1,1,4,1,1,3
226,16,1,1,1,1,1,4
222,18,1,1,1,1,2,3
227,18,1,1,5,1,1,3
370,15,2,1,1,1,2,3
347,15,2,1,1,1,5,4
244,14,2,1,NA,NA,2,3
124,18,2,1,1,1,1,5
321,19,1,1,5,1,2,2
242,16,1,1,NA,NA,2,3
525,19,2,1,5,1,1,2
524,18,2,1,5,5,1,3
232,18,1,1,4,1,1,3
234,20,2,1,4,1,2,4
1200,18,1,1,5,1,1,3
233,19,2,1,4,1,2,3
235,16,1,1,1,1,2,3
215,19,1,1,1,1,2,2
295,16,1,1,1,1,1,3
116,17,1,1,4,1,1,4
297,14,1,1,1,1,1,3
334,16,2,1,1,1,7,4
296,13,1,1,1,1,1,4
335,19,1,1,5,1,2,4
376,18,1,1,5,3,2,3
377,19,1,1,5,3,2,3
170,20,1,1,5,2,1,3
176,20,1,1,5,1,1,3
195,20,2,1,5,2,1,3
198,20,1,1,3,1,2,2
190,18,1,1,5,1,1,3
539,17,1,1,1,1,1,3
542,19,2,1,5,1,1,4
543,18,2,1,5,1,1,3
540,16,2,1,1,1,1,4
538,18,1,1,5,1,1,3
541,17,2,1,1,1,1,3
162,19,1,1,5,1,2,4
163,14,1,3,1,1,2,4
26,16,2,1,1,1,1,4
197,13,1,1,4,1,2,3
34,18,1,1,4,1,1,3
32,18,1,1,5,1,3,4
33,18,1,1,1,1,2,4
420,16,1,1,1,1,1,4
417,19,2,1,4,1,1,4
416,19,2,1,5,2,1,4
423,14,1,1,1,1,4,3
422,19,1,6,5,1,2,3
160,19,1,1,5,1,2,3
130,18,2,1,4,1,1,4
131,16,2,3,1,1,2,3
132,14,1,2,1,1,2,2
128,19,2,1,1,2,1,5
129,15,2,4,NA,1,2,4
3,20,1,1,2,1,1,3
419,13,1,1,1,1,1,4
1004,18,2,3,5,1,2,4
1005,18,1,1,5,1,6,4
1006,19,1,1,5,1,2,4
444,19,1,1,4,2,3,4
418,19,2,1,4,1,1,4
415,15,2,1,1,1,NA,4
1007,18,2,1,1,1,2,4
351,17,1,1,4,1,5,3
1008,14,2,1,1,1,2,4
6,14,1,1,1,1,1,3
5,16,1,3,1,1,1,3
4,13,1,1,1,1,1,3
1009,15,1,1,1,1,2,4
307,17,1,4,1,1,NA,2
545,15,1,1,4,4,2,2
548,17,1,1,4,1,2,3
544,19,2,1,5,1,5,3
549,18,2,1,5,1,2,4
551,14,1,1,4,1,2,3
550,14,1,1,4,1,2,3
532,18,1,1,5,1,1,3
537,15,2,1,1,1,1,4
384,19,2,6,2,2,1,3
386,16,1,4,1,2,3,5
383,17,2,2,1,1,1,2
385,13,1,5,1,1,1,3
406,13,1,1,1,1,1,4
466,16,1,1,2,1,1,3
405,15,2,1,1,1,NA,4
107,20,1,1,5,1,2,4
102,18,1,1,5,1,2,3
404,13,1,1,1,1,1,4
410,13,2,1,1,1,3,5
407,14,2,1,1,1,3,4
408,15,1,1,1,1,3,4
409,17,1,1,1,2,2,3
456,13,1,1,1,1,2,4
460,14,2,3,1,1,2,4
452,17,2,1,1,1,1,4
457,19,1,1,5,1,2,4
19,20,1,1,5,1,NA,3
18,19,2,1,3,2,1,4
17,17,1,1,1,1,1,3
25,14,1,1,1,1,2,4
24,20,1,1,5,1,1,4
21,15,2,1,1,1,1,4
20,18,2,1,5,1,1,4
146,17,2,1,1,1,2,3
23,14,1,1,1,1,2,4
316,20,1,1,5,1,2,3
178,13,1,3,NA,2,NA,4
458,20,2,1,5,2,2,4
459,19,1,3,5,2,2,3
454,19,1,1,5,1,2,3
453,20,1,1,5,1,2,4
461,14,2,1,1,1,2,3
333,20,1,1,1,1,5,3
373,13,1,1,1,1,2,3
374,20,1,1,1,1,2,3
375,20,1,1,5,3,NA,3
372,20,1,1,2,1,2,3
534,13,2,1,1,1,1,3
526,19,1,1,5,1,1,3
529,19,2,1,5,1,7,3
528,19,2,1,5,1,2,4
527,19,2,1,5,1,2,3
530,15,2,1,1,1,1,3
533,16,1,1,1,1,1,3
147,15,2,1,1,1,2,4
315,20,1,1,2,1,1,3
177,14,2,1,1,2,2,3
180,15,2,1,1,1,2,4
394,18,2,1,5,1,2,4
393,17,1,3,4,1,3,5
392,19,2,4,3,2,1,5
395,15,1,1,1,2,1,3
413,18,2,1,4,2,1,4
119,18,1,1,1,1,1,4
467,15,1,3,1,1,4,4
470,13,1,1,1,1,1,4
469,17,2,2,4,1,1,3
121,20,2,1,3,1,2,5
468,14,1,1,1,1,1,3
254,18,1,1,1,1,5,3
252,18,1,1,2,1,1,3
122,20,2,3,5,2,6,3
311,18,1,1,4,1,1,4
306,18,1,1,1,1,2,3
304,13,1,1,4,1,2,4
472,20,2,1,5,3,2,3
310,17,1,1,4,1,2,4
324,19,1,1,5,1,2,3
323,20,1,1,5,1,2,3
401,16,1,1,1,1,2,3
201,17,1,1,1,1,2,2
588,16,1,1,1,1,2,4
587,13,1,1,1,1,2,3
586,13,1,1,1,1,2,3
46,17,2,1,1,1,1,4
47,17,2,1,4,1,1,3
48,19,1,1,2,1,1,4
49,17,1,1,2,2,1,4
50,18,2,1,1,1,1,2
187,20,2,1,2,1,1,3
192,18,1,1,5,1,1,4
186,20,1,1,5,1,2,3
189,18,2,1,5,1,2,4
185,18,1,1,5,1,1,4
184,18,1,1,1,1,2,3
56,17,1,1,1,1,1,3
59,19,1,1,2,2,1,4
51,18,2,1,4,1,1,3
41,18,1,1,5,1,1,4
42,19,2,1,5,2,1,4
43,16,1,1,1,1,2,3
53,18,1,1,2,4,1,4
52,17,1,3,4,1,1,5
55,18,1,3,4,1,1,4
57,19,1,1,4,2,1,4
61,17,2,1,4,1,1,3
54,18,2,3,4,1,1,4
60,16,2,1,1,1,1,3
58,19,2,1,4,1,1,4
309,18,1,1,4,1,1,4
308,18,1,1,4,1,1,4
312,20,1,1,4,1,2,3
325,13,1,1,1,1,1,4
327,14,1,1,1,1,2,4
328,14,1,NA,1,1,2,4
329,14,1,1,1,1,2,3
330,16,2,1,1,1,2,3
331,15,2,3,1,1,2,3
606,19,2,1,5,1,1,3
607,19,2,1,5,1,2,2
605,18,2,1,5,1,3,5
604,19,2,3,5,1,1,3
602,14,1,1,1,1,1,3
603,13,1,1,1,1,1,3
607200,14,1,1,1,1,1,3
292,17,1,1,1,1,1,4
293,17,1,1,1,1,1,4
159,16,1,1,1,1,4,3
157,14,2,1,1,1,1,5
156,15,2,1,1,1,1,5
173,15,1,1,1,1,1,4
174,13,1,3,1,1,2,3
175,17,1,1,1,1,2,3
45,19,1,1,2,2,1,4
44,17,1,1,1,1,2,3
30300,15,1,1,5,1,1,4
1011,15,1,1,1,1,1,4
1012,17,1,1,1,1,2,3
1013,15,1,1,5,3,2,3
28,16,1,1,1,2,1,4
1014,18,1,1,2,3,1,4
115,13,1,1,1,1,1,5
114,16,1,1,1,1,1,4
113,18,2,1,3,1,2,3
171,15,2,1,1,2,1,4
172,16,1,1,1,1,1,4
600,14,1,1,1,1,1,3
589,15,2,3,1,1,2,3
7,19,1,1,5,1,1,3
8,19,1,1,5,1,1,3
9,18,1,1,5,1,1,3
10,13,1,1,1,1,1,3
11,13,1,1,1,1,2,3
12,16,1,1,1,1,1,3
342,20,1,1,4,1,5,4
154,20,2,1,5,1,5,3
153,19,1,1,5,1,1,4
152,15,1,1,1,1,2,4
150,20,1,1,5,1,2,4
168,20,1,1,4,1,1,3
167,18,1,1,4,1,2,4
367,17,1,1,5,1,2,3
613,20,1,1,4,1,6,3
612,16,1,1,1,1,1,4
451,17,2,1,1,1,2,3
228,20,1,1,4,1,2,4
229,13,1,1,1,1,2,3
230,15,2,3,1,1,1,3
439,19,2,1,5,2,1,4
490,20,1,1,5,1,1,3
352,19,2,1,4,2,2,3
353,20,1,1,5,1,2,3
356,19,1,1,5,3,2,3
355,13,2,1,1,1,5,4
354,14,1,1,1,1,5,3
294,19,2,1,2,1,1,4
13,19,1,1,5,1,1,4
14,20,1,1,5,2,1,3
15,16,1,3,1,1,1,3
16,17,1,1,1,1,2,3
17200,14,1,3,1,1,2,3
271,19,1,1,2,1,6,3
265,20,2,1,2,1,1,3
270,19,1,1,5,1,2,3
211,17,2,1,3,2,1,2
209,16,2,2,1,2,5,5
207,17,1,1,4,1,1,3
210,18,1,1,1,1,2,2
205,19,1,1,5,1,2,2
202,17,1,1,1,1,2,2
208,19,1,1,1,1,2,3
366,13,1,1,1,1,2,3
365,18,1,1,5,3,2,3
364,18,1,1,1,1,5,3
391,17,1,3,4,1,3,4
387,14,1,3,4,1,2,2
390,19,2,3,4,1,2,3
388,15,1,1,4,1,7,3
389,19,2,1,5,1,5,4
314,18,2,1,5,1,2,4
194,19,1,1,5,1,1,3
196,19,2,3,5,1,2,3
298,19,1,3,1,2,1,4
317,17,2,3,4,2,1,NA
357,17,1,1,1,1,5,3
94,17,1,1,1,1,2,3
1017,14,1,1,1,1,2,3
465,19,1,1,5,1,1,3
614,16,1,1,1,1,2,3
611,13,1,1,1,1,6,2
143,17,2,1,1,1,2,4
138,17,2,1,1,2,1,4
141,14,1,1,1,1,1,4
142,15,2,1,1,1,1,4
381,14,1,2,3,2,2,3
552,17,1,1,4,1,2,2
447,15,1,1,1,2,1,4
448,16,1,1,5,2,1,4
449,18,2,1,5,2,1,4
450,19,1,1,5,2,1,4
451200,16,1,1,1,2,1,4
482,20,1,1,5,1,6,3
495,20,1,2,2,1,1,4
478,20,1,1,5,3,1,3
479,19,1,1,5,1,6,3
481,14,1,1,1,1,4,3
436,19,1,5,1,1,6,3
543200,20,1,1,1,1,2,3
543300,19,1,1,1,1,2,3
123,20,2,1,5,1,5,3
536,14,2,1,1,1,1,3
445,17,1,1,5,2,1,4
483,18,1,1,4,1,6,3
436200,15,1,1,1,1,6,3
433,18,1,1,5,3,6,3
531,19,1,1,5,1,2,3
441,20,2,1,5,2,1,3
427,19,1,1,5,1,3,3
442,19,1,1,5,2,1,3
382,20,1,1,5,1,2,4
443,16,1,1,5,2,1,4
444200,15,2,1,1,2,1,4
